text,label
"Popular Topics Mega-Hub

Greetings, you opinionated, unpopular lot! This is your one-stop shop for all of the ridiculously reposted topics on this sub. This hub and the linked threads below will be replaced every 7 days to keep things fresh.
submitted by
/u/AutoModerator
[link]
[comments]",restating-the-obvious
"Job search is way harder when you’re still employed

All the interviews are during work hours. God forbid you have a job that’s fully onsite, you have to leave work early or hide in your car to do the virtual interviews. And when you get brought on-site if you’re looking for an in-person role, you have to schedule around that and use PTO. I’ve been doing this for 3 months and I’m drained. And you have to be careful about who can even know you’re looking elsewhere and that can make it harder to leverage your network.
submitted by
/u/Dry-Hour-9968
[link]
[comments]",restating-the-obvious
"Fried Seafood Sucks

It gets rid of all the good things about seafood. This includes the flavour and texture. Frying it gets rid of the flavour and makes it unhealthy. You may as well be eating cardboard. Seafood should only be eaten raw or grilled.
submitted by
/u/Different_Photo_2310
[link]
[comments]",salt-post
"Bryan Johnson’s longevity experiment is interesting and admirable and should not be mocked

For those who don’t know, Bryan Johnson is an entrepreneur trying to live forever, or at least, reverse biological ageing. He is taking a lot of supplements, medication, and lives a very tight and regimented life.
First of all, he’s spending his own money, trying to live as long as possible. He’s making himself the guinea pig, not someone else- so he’s assuming all the risk of his experiment.
Moreover, human beings were once known for their scientific temperament/ spirit of inquiry/ curiosity, and pioneering spirit, even in the face of possible danger, or being considered reckless and foolhardy. Johnson is trying to push the limits of what we think is biologically possible- what’s so wrong in that?
I think he’s a victim of a modern Smirking Culture.
submitted by
/u/Few_Age_571
[link]
[comments]",restating-the-obvious
"The blue collar v white collar beef is so one sided

Being on both sides and in between with almost a decade of experience (75% being blue collar, 15% in between and 10% white collar), I feel I have a pretty good grasp on this. The word “you” being used here is for blue collars. The word “we”, “us” or “our” is being used for white collars.
The beef is one sided and it’s almost always the blue collars. I used to have a blue collar job that transitioned to a blue collar job with white collar responsibilities (details below following the TL:DR). I now have a white collar job.
Often, there is a, usually self inflicted, misconception that the blue collar is not smart enough to do the white collar job. Most white collars do not believe this. Yes, most positions are degree locked, but most white collars still think blue collars can learn how to do it.
The role of the blue collar is generally hourly and performing task at a time. I ask the senior blue collars every day what is and is not feasible, because they know. Other white collars will get pissed if I do NOT check with the blue collars. We are trying to make what we send out feasible, you are the last person we want to piss off. We are checked on overall performance of projects. Yes, sometimes we do have more free time, but if projects aren’t moving along, if communication is dropped, if we make something not realistic, we get smoked so fucking hard by upper management. We are trying to make this as easy on you as possible. It is literally in our best interest.
If a white collar is not doing their job, generally, most of the complaints white collars have to deal with is blue collars, and let me tell you, it is much more preferred than another white collar griping and moaning. Usually when the blue collars come to us it such a realistic complaint. This is something we CAN address and try to in hopes to make your life better. When another white collar has a problem it is almost always ego and some weird power grab with micromanaging.
Most of us do not think less of you. I promise most of us don’t, but often (my field specific here) “Well I’m not the engineer, you’re Mr. Big Brain so you figure it out.” There is this weird conception that we don’t trust you or think you’re stupid. We ask you to give you a scenario you like, but if we do “figure it out” and give you a scenario that looks good on paper but bad in practice, you freak out on us. You need to meet us halfway.
Our candle burns at both ends. It’s blue collar and upper management (white collar final bosses). Us keeping you happy is half the battle. We literally want you to be happy with us.
Now here’s the next problem, a lot of blue collars think what we do is easy. As someone who has done both, they are two completely different fights. There is no explaining to a lifelong blue collar how it is different. There is this widely accepted fantasy of Mr. Boss man sitting at the top doing jack shit and getting paid. My brothers and sisters, that is so few of white collars it’s CRAZY. Yes there are a few people that have that position but they are a drop in the bucket for white collars. Not to mention the politics, egos, weird self made drama, having to actually figure what is happening and why, harsh deadlines for presentations and documents where you drown in reports, numbers and information, etc.
TL:DR - Blue collars have fixated on this separation and it actually makes it worse for everybody
History: did construction and materials testing with a focus in geotechnical work for the better part of a decade. A lot of days spent away from home, on construction sites, using a hand auger and DCP to test foundations or collect 5-gal buckets of soil in the middle of nowhere and trek back to my truck for over 30-minutes to an hour at a time. Weather did not stop me from having to do this, especially geotechnical. Being geotechnical I was the first person on the ground. No trails. Running through 60+acre sites with no cell phone reception in any weather, again, no trails because I flagged the trails to be made. Many years stuck out in fields with no shade or cover doing manual labor, and if I did have shade or cover guess what? It was too overgrown to enjoy it. Ticks, snakes, and thorns in ungodly places because it was easier to move with the woods than hack trails out with a machete. Coyotes, homeless camps where the inhabitants were much less than friendly. Having to carry all tools out for God knows how long becomes a challenge when you also have to juggle carrying enough water and a light amount of food so you don’t get sick from eating just a little too much. I could go on for days.
Edit: forgot the transitioning part, this one is the worst. You have to do blue collar work from sunrise to sundown but you best believe your reports go out on time and you’re answering emails. Meaning, you’re on white collar pay put working from home after being in the field all day. So glad that’s over. It was the worst.
submitted by
/u/Ok_Salamander_7211
[link]
[comments]",alternative-perspective
"People have the wrong idea about math and the benefit of learning math.

I get so sick of seeing people talk about how math is useless because you can use calculators on your phone. The value of math is not to make you a wizard in arithmetic, but rather to make you a wizard in logical thinking. Nobody cares that you can do 48 * 49 in your head. What matters is your ability to abstract problems. That's why the ""letters mixed with numbers"" is so important. It teaches you how to just see in general, problems in life that are linear, quadratic, exponential, so that you can think through how to solve the problem. This abstraction is exactly what goes into managing finances, studying the physics of our universe, and writing code for your computer programs.
submitted by
/u/Key_Net820
[link]
[comments]",alternative-perspective
"Surprise parties are the worst

The intent or so they say is to surprise someone with a big party and they should be so happy that so many people showed up to surprise them and celebrate them. But in fact, they are usually a huge shock. The person being surprised isn’t prepared and it’s very disorienting. Who is this really fun for? I think it’s fun for the person putting it together.
submitted by
/u/laurajosan
[link]
[comments]",salt-post
"Growing older is not the curse people make it out to be. It's actually a blessing.

There's so much negativity around growing older in our culture. From ageism, to beauty standards, to phrases like ""highschool is the best time of your life"" we're always talking about how those first 20 years of your life are the best and then suddenly life is shit.
Yeah, I get it, growing old comes with responsibilities, work, doing things you were oblivious about when you were a kid, but growing up and older and getting to re-invent yourself, choose for yourself, build something for yourself is such a blessing.
Age comes with getting to know yourself better, optimizing your life to what suits you best, and making more informed choices. If you use your time to your favor, years will bring wisdom, knowledge, even a stronger body and mind if that's what your investing in.
Previous generations set this tone for growing older because of the hardships they had to face + not even really choosing for themselves, but we get to do better and actually enjoy life and make better choices, so this idea of older age = life isn't worth living to the fullest, should be changed.
And lastly, not everyone gets the privilege of growing old and enjoying a long life. We forget that way too easily.
submitted by
/u/Exotic-Accident-7102
[link]
[comments]",alternative-perspective
"5 guys is absolutely inferior to places like in n out, the habit, etc

For one, 5 guys is SO expensive for what? A burger that looks like it got squished before it got put into the bag? Even before EVERYTHING else got hella expensive, 5 guys was always pricey. Why am I paying over $25 for a burger, fries, & milkshake?
Taste is absolutely subjective, but idk I just feel like their burgers are a lot greasier than the other popular burger joints out there. Their fries are good, sure. But who goes to a burger joint for fries?
And finally, imo their burgers are kinda small. For the prices they charge, I'd expect a bigger burger.
I am in no way saying 5 guys is trash btw! I just really don't think it's a great place to go if you want a fresh, nicely sized burger that isn't pricey.
submitted by
/u/foqociqs37
[link]
[comments]",restating-the-obvious
"The era of acceptance has created an opposite effect

I'm not really talking about anything specific, but a broad range of things. Things regarding how we describe ourselves and distribute value.
Suddenly, we've entered a time where EVERYTHING about you needs to have a name and category - which is holding a larger significance than the actual situations/traits/phenomenons they're supposed to describe.
All the beautiful variations we as humans offer, the natural differences we can't avoid, are now being split and sorted into a million strict labels specifically meant to describe you. Usually in an attempt to make people belong to something. Argumented by claiming it's creating acceptance and awareness.
If you sometimes like to be alone, people are far more interested in giving you the introvert label, rather than understanding how you as an individual like to spend your time. Or look deeper into your social sphere to understand the dynamics. If you're interested in something unique, people are quick to ask if you're neurodivergent. Not about your interest. If you're a tomboy like me, some people will make you belive you suddenly don't belong in the ordinary category. You're not like the ultra standard stereotype, so you have to be something else. Why does it matter so much? Can't we focus on embracing the differences as welcomed parts in the category human?
To be clear, there's nothing I find wrong about any of the different things/traits. I'm falling into so many of these categories myself. What I don't like is the endless focus and effort regarding putting people in their box. I guess awareness is increasing in many areas, but I can't see many signs of people uniting outside of their boxes.
What I do see, is an increasing opposition in every corner. Because the people who didn't like the sound of xyz before, does not like it more when it's being screamed at them. They won't accept it more with the pure aggression many people insist on using, when forcing through the idea that everyone has to dance to their flute because they finally have a flute to play on. I genuinely think we would benefit from making a far smaller deal out of everything. Because nobody is making a huge deal out of the things we expect and take for granted. Our differences should belong there. Only the crazy, shocking and problematic aspects deserve the amount of attention we're giving the things we beg to be (and in fact, are) normal.
submitted by
/u/Imaginary-Bag5385
[link]
[comments]",alternative-perspective
"Being a cheerful person isn't the same as being a caring person who connects with others

So I'm mostly referring to people who are cheerful and easy to be around, but it most often comes off as they're just happy with themselves.
If you ask them for help about anything or advice, they don't put so much effort into caring for you or listening to you but continue speaking cheerily, as a mood booster for themselves.
IDK if I'm explaining myself correctly but there's a difference between a ""happy"" person vs someone who actually gets along and cares for others.
submitted by
/u/dont_opus
[link]
[comments]",restating-the-obvious
"Unconditional love is the biggest lie

To begin with, the phrase ""unconditional love"" is an extremely strong claim. It means something that does not depend on any condition, reason, or circumstance. If that's true, then why do you love that person in the first place?
Any answer you give is already a condition. ""I love them because they're kind."" ""Because they supported me."" ""Because they're my sibling."" ""Because they understand me."" Every ""because"" is a condition.
Second, you don't just wake up one day and randomly decide to love someone. Love is a response to qualities, experiences, or a connection with another person. If love is a response, then it has causes. And if it has causes, then it depends on conditions.
submitted by
/u/loouw9
[link]
[comments]",alternative-perspective
"Iceberg is the worst lettuce

I don't get it. It's not tasty, because it rarely has any taste worth noting. I get that it adds a crisp texture to things like burgers, but I also feel like that point is ultimately defeated when it's always shredded. At least give me the full leaves. It's really just water with a crunch.
I'd rather have a more substantial type of lettuce that actually tastes of lettuce. I've even had burgers with shredded white cabbage instead of iceberg, and I'd prefer that, too.
I don't
dislike
iceberg, but it ultimately feels pointless if there's an alternative for virtually any other type of lettuce. Be it in a salad, on a burger or in a taco/tortilla.
submitted by
/u/Jamsedreng22
[link]
[comments]",salt-post
"Penalty Kick goals shouldn't count in all time scoring records

Messi just broke Miroslav Klose's all time scoring record at World Cup which was 16. In the last World Cup Argentina was awarded five penalties, four of which converted. None of Klose's World Cup goals were penalty kick goals.
submitted by
/u/guyincognito147
[link]
[comments]",restating-the-obvious
"Exercise should be prescribed with the same seriousness as medication.

I’m not anti medicine and I’m not saying exercise replaces treatment.
My opinion is that exercise should get more structure, follow-up, and accountability because of how many parts of the body it can affect at once
Something like regular running, walking, cycling, or cardio doesn’t just improve one thing. It can improve cardiovascular fitness, strengthen the heart, lower resting heart rate, improve circulation, help regulate blood pressure, improve insulin sensitivity, increase endurance, help with weight management, improve sleep quality, improve mood, reduce stress, and improve overall energy levels.
And that’s before even getting into strength training helping maintain muscle, bone density, balance, and long term mobility
What I find strange is that exercise is talked about as extremely important for long-term health, but often seems to get less structure than other interventions. People might hear “try to exercise more” but not get:
a specific plan,
milestones,
follow ups,
accountability,
adjustments if it isn’t working,
referrals to someone who specializes in it
Meanwhile, if something else is prescribed, there’s often monitoring, changes, and check-ins.
I understand there are reasons for this like exercise takes time, behavior change is difficult, doctors are busy, insurance doesn’t always support it, and some conditions need immediate treatment
I’m not arguing exercise should replace medicine.
I just think if movement is considered one of the best things people can do for long-term health, it should be treated with more seriousness and support than “exercise more and good luck.”
submitted by
/u/Tristonia7
[link]
[comments]",restating-the-obvious
"You don’t understand architecture is not a valid defense of ugly buildings

So many modern buildings are considered ugly by the general public, and the defense is often, “You just don’t understand architecture.”
I think that’s bullshit.
I don’t think you should need to know the history of Brutalism, Modernism, or a dozen architectural theories to appreciate a building. Architectural experts will always notice details that go over the head of most people, but our build environment is something people have to live, work, and interact with every day, not just study.
Look at Frank Lloyd Wright’s work. Most people can look at something like Fallingwater and immediately appreciate it without knowing anything about architectural history. IMO that’s what great architecture is.
TL/DR: If the vast majority of people can’t appreciate a building without an architecture degree, that’s a sign of bad architecture, not an ignorant public.
submitted by
/u/cooliusjeezer
[link]
[comments]",alternative-perspective
"Inpatient Acute care Occupational therapy seems like an easier job then most describe it

This is purely based on my experiences shadowing and working in healthcare. I understand all settings are different but when I was a rehab aide and working in multiple rehabilitation settings, OT generally to me seems like it’s pretty chill. Lots of teaching people how to do daily tasks again and meeting them at their stage of life. Super admirable. Howvever I think what’s hard is the insurance and productivity demands. Outside of charting, any OTs I assisted with were just like “hey here’s this stick, put your socks on with it.” Or “need to poop? I need to see how you get up off the commode.”
submitted by
/u/thenegativeone112
[link]
[comments]",restating-the-obvious
"At concerts you are better at the back than the front

I’m fortunate enough to say I’ve been to a lot of gigs over the years. When I first started going I tried to get the front row but over time I’ve come to appreciate being at the back more as you get the full whack of the sound and stage production better , when you’re at the front you do miss a lot of the stage show .
submitted by
/u/DMBear89
[link]
[comments]",restating-the-obvious
"I wish I grew up speaking a lesser known language just so I could gatekeep it 😭

Where I’m from it is extremely common to hear people talking in languages other than English and I sometimes get jealous that they can speak to each other in ways I can’t understand but I can’t do the same. Everyone knows English, and even if they didn’t grow up speaking it, people always say it’s very easy so they can just learn it.
Yes I know this is a stupid “opinion” to have 😭
submitted by
/u/Ok_Photograph8884
[link]
[comments]",restating-the-obvious
"Giving extreme praise to shows like TADC or movies like Kpop Hunters is bad for the creative industry.

Productions as mediocre as these two getting near-universal praise are an overall negative on the film/tv industry.
Kpop hunters was clearly designed with music and merchandise in mind before anything else, It's not as offensively bad as TADC but it is excruciatingly simplistic and there's almost nothing going on under the hood besides some nice animation and a touch of humility. Most of the main-cast are not very admirable people, Rumi being so hard-done-by and sorry-for-herself doesn't help and then her friends abandon her and it's all just rolling by so fast like a recap of a movie more like its own actual movie. It's a kids film so I forgive some of its simplicity or pacing but it just skips a lot of the steps required to make a truly memorable or meaningful movie.
TADC oh my god; that show is made for teenagers and tries really hard to be smart and ""deep"" so I have no sympathy or pity about unloading on it.
I am upset genuinely, like sad, that TADC is so popular. I wouldn't want to take it away from anyone who enjoys it, that's not what I'm saying at all, but I am disheartened by the fact that such an immature show has successfully marketed itself as some deep psychological horror. Now everywhere you turn there are people screaming at you about ""the character development of zoobie and gango and pambni and glimbo and glaxo and yumbus and poopy""
""
GUYS YOU WON'T BELIEVE IT, YANGLE TOLD PANGLE THAT GIZMO WAS DEPRESSED AND YIBNART FLARKED OUT A TOODLE, THAT MEANS IF YIBNART CAN FLARK TOODLES, THEN THE WHOLE TIME GLUMBUS WAS LYING TO US ABOUT CHIM-CHAM'S TRAGIC CAR ACCIDENT AND SPIRAL INTO DERPY-DEPRESSION. OMG YOU GUYS I CAN'T BELIEVE FLAMBLE TOLD PUMBLE ABOUT THE HUG, NOW FLAMBLE IS GONNA FREAK OUT AND DE-FRAMBULATE AND DIE IN REAL LIFE OMG""
""being depressed"" is not automatically deep writing, ""being lonely"" is not automatically character-depth, ""being mean as a defense-mechanism"" is not high-Shakespearean classical art it is what g-rated cartoon characters do. The show is incredibly immature and simple with a small handful of adult themes lightly sprinkled over it, watching such a ridiculously high volume of people treat it like anything other than ""just a cartoon they enjoy"" directly impacts the quality of art we'll see going forwards.
This majority of this generation is happier with dumbed-down, explained-to-you-explicitly media that gives the illusion of or ""allusion to"" depth/complexity instead of actual depth or actual complexity. They don't want to be lightly challenged or made to introspect the same way disney/pixar tried when I was a kid/teenager, they want to be preached at and un-healthily told ""hey it's actually super cool if you're anti-social or rude or weak-willed or have these various personality issues, its not entirely your fault its the world out to get you, you're actually super deep and complex and well-written like this stand-in we made of ppl that vaguely resemble you. Please un-healthily latch onto the character and use them as a coping mechanism instead of maturing.
Plus the fact that's its also just not very creative or interesting and now the whole world thinks the benchmark of quality for semi-independent animations is just Riverdale VRchat with anime dub voice-acting and 0 nuance.
submitted by
/u/Frikcha
[link]
[comments]",restating-the-obvious
"dating apps do not work !

as someone who’s used them in the past , this is absolutely not an organic or healthy way to meet people at all . you’re mostly gonna see people who just want hook ups or something casual , in that case why is it called dating when people aren’t looking for anything serious ? meeting someone in person and having a connection with them that way rather than using a app for it is way better in my opinion . they don’t even work 99% of the time just because so many people get ghosted , catfished , etc . also these apps just want ur money btw to buy premium don’t fall into that trap .
submitted by
/u/Last_Host977
[link]
[comments]",restating-the-obvious
"The only reason we are unhappy is that we constantly compare ourselves to others

I believe the only reason we are unhappy is that we constantly compare ourselves to others. At every stage of my life, I have either been compared to others or seen someone as a rival; however, I realised that even when I came out on top in such comparisons, I was never truly happy. I stopped comparing myself to others, and my life changed. I’d like to say this to everyone here: someone may be better than you at one thing, and you are better than others at another. It’s always like that; so the only person you should compare yourself to is yourself.
submitted by
/u/Key_Particular3214
[link]
[comments]",restating-the-obvious
"Quitting your job to chase a dream should be encouraged

Exactly two years ago I quit a toxic corporate job, and it wasn't the first time.
There's something hideous about working for any corporation. I spent most of the last 30 years moving in and out of consulting as a software developer and launching startups. Some made decent money, some were failures. Often the idea itself never mattered — they were all mostly good. What matters is having the endurance to go the distance, and even then there's no guarantee.
Conventional wisdom says you shouldn't quit your day job. I find that toxic and defeatist, but that's life in the city.
So yeah, it's an unpopular opinion. But think what the world would be like if nobody chased dreams. My current startup might not make it — the only thing I'd regret is not trying.
What I can't figure out is why this is so unpopular that it makes me want to avoid the friends and family who think success in business is a light switch you flip on, rather than an endurance sport.
submitted by
/u/Early_Key_823
[link]
[comments]",restating-the-obvious
"Possums are Cute!!!

And I HATE and get offended everytime I hear someone say they think they are weird, ugly, dirty, and/or carry rabies. I cannot fathom why people think Possums aren't cute. They are adorable little trash mammals who eat whatever you give them. Are sweet comfort animals, and respect their family. Sure they may have the allure of a giant rat mix with a raccoon but to me that's what makes them even cutre.
It's super cool that they can hang upside down because of their strong tails. They can grab things like people. I love giw they always look like they're perpetually screaming. And they have a long booper snoofer!
They are literally like cats! But without the scratching, hissing, or biting! They're wonderful comfort animals and are easy to clean up after. You can let them roam around the house without worrying about broken furniture or damage. They can be potty trained.
And who doesn't love their natural fashion sense? They have BUILT IN FINGERLESS GLOVES FOR CRYING OUT LOUD!
But I especially hate when people call them ugly!!! They're not ugly.
And the stigma / myth of Possums carrying rabies is a total LIE.....some do...but it's rarely the case! Possums are more immune to getting rabies than Raccoons!!!
Why do people love Raccoons more than Possums??? They both eat trash but Raccoons are literally an invasive species on par with Flies and dare I say PIGEONS!!!
Wild Possums mind their own business and they want to be left alone. They never harmed anybody! And their bite doesn't even hurt! Feels like a strong pinch.
They are a PREY animal, folks! They are more scared of YOU than you are of them. Unlike tgose dang RACCOONS!!! I can go outside pick up a wild possum and domesticate right now if I wanted to.
Stop slandering the beautiful trash mammals! 😭😭
submitted by
/u/ThepossumOpossum
[link]
[comments]",alternative-perspective
"All businesses should prioritize stalls over urinals

For obvious reasons this is about male rest rooms. Tired of going to businesses acting like men don't have to poop or deserve privacy when even going pee. In the men's rest rooms on average(based on my personal observation there might be 1-3 stalls at best. And then it's Urinals. It's so frustrating when they're taken and you gotta go #2 real bad. I think this is unpopular because there's a social stigma of sorts when it comes to going #2 in public.
submitted by
/u/meurum5
[link]
[comments]",salt-post
"Always go after who you think is a 10

I always see comments online like ""he/she's out of my league"", ""I cant believe this fat/ugly person rejected me"", etc. People, especially men but sometimes women, try to date people they perceive as less attractive than themselves because they think it's easier. The reality is the person you think is a 10 and the person you think is a 1 has the same likelihood of rejecting you. It's not a worse rejection because your version of an ugly person did it, there was just no reason to go after that person in the first place. Go after whoever YOU think is the most attractive because everyone that is a 10 to you is a 1 to someone else, and you might be a 10 to the person that you think is a 10.
submitted by
/u/Boring-Produce3902
[link]
[comments]",restating-the-obvious
"Making friends in your 30s is not as hard as everyone claims it to be

To be clear, I’m not a particularly social person and would describe myself more as an introvert (even though my job requires me to be quite outgoing).
I hear a lot of people complain about how hard it is to make friends later in life but I disagree. Your standards what makes a great friend have just evolved and you don’t connect easily with everyone anymore. But there are plenty of opportunities to make friends later in life, usually it actually makes it easier to have higher standards as you stop chasing people that aren’t worth your time.
Now I’m not saying this applies to everyone but I do feel like a lot of people stick with their circles from school/uni or work and aren’t open enough to connect with new people and then claim it’s hard to make new friends.
submitted by
/u/mediuminteresting
[link]
[comments]",alternative-perspective
"There is no excuse for showing up at unannounced someone's house these days. It's just rude.

My MIL is incensed by the fact we asked if they could text us before they stop by to let us know they're coming incase we're busy or heading out. Apparently stopping by unannounced is normal and nice for all involved.
I hate it.
And not just when it's my MIL.
I hate feeling like I have to pause what I'm doing to entertain someone. I hate that I'm unable to prepare my space to be at a standard of which I feel is acceptable for guests to see. Perhaps my underwear is on the top of the pile of washing waiting to be folded on the couch. I hate not being able to mentally prepare for the social interaction. I don’t want anyone coming by without warning me first.
I think making someone potentially feel this way is rude.
I would never do this.
It's 2026, we all have phones. Text me first. Ideally, I'll quickly think of an excuse. But most likely I will have you around and feel satisfied that I was forewarned.
It's rude. I will die on this hill.
Edit: I apologise for the jumbled up title. My bad. Also, I've learnt I need to move to a country where this isn't the norm. One more unexpected visitor and I'll be packing my bags.
submitted by
/u/cheesy_weasel
[link]
[comments]",salt-post
"Toxic Fandoms are inevitable sign of excellence and should be encouraged

The popular opinion are than toxic fandoms, especially for small indie creators, are a terrible and unfortunate drain on what would otherwise be a great piece of media. That if only fans could be normal and reasonable and have rational discussions on their favorite media and related topics that everything would be fine.
This isn't true. The more obnoxious, contentious, loud, insistent, assertive and deranged a fandom is the greater the success of that media and more likely it ascends if not transcends whatever modest origins and genre it might have started from. It is, in fact, a great sign to have as many mentally unstable, likely criminally insane folk making as much ""parallel"" content (fanfics, slash, ships, rule34, etc) as possible, pushing the IP into the darkest depths of the social subconscious.
Artists, authors, and game devs should subtly (but not directly) encourage this with as much para-social behavior and sprinkling 'teaser' content into a rabid fanbase primed to become feral at the drop of a hat, but never directly engage or speak to them. Treat them like rabid swamp-creatures living under the floorboards and inside the walls by leaving out tiny crumbs and an occasionally too shapely asset floating around. Cause drama, invoke chaos by brushing past critical information to leave obvious holes for the most upsetting theories unimaginable by CIA torture experts.
And of course, become burned out and leave a massive chunk of content unfinished and open to fandom to debate endlessly for the rest of time, further inspiring future artists.
submitted by
/u/Nejura
[link]
[comments]",salt-post
"Oversharing isn’t bad, you’re just a bad friend.

I just want to say that if you’re one of those people who believe that oversharing is something bad/annoying/weird, you’re definitely a bad friend.
Why commit yourself to a friendship if when the other person needs your ears to just vent, you feel their oversharing is annoying?
Also, I realize that a lot of extroverts in my life tend to overshare when they’re happy or feeling good, so if someone is oversharing about regular every day things, then what is the issue with that?
I feel like some people these days lack emotional intelligence and often don’t know what to do when they’re forced to actually interact with friends or reply more than their attention span can handle.
Please let me know if you have any boosts to this argument, critiques, or other thoughts.
submitted by
/u/Moshou48
[link]
[comments]",salt-post
"Shadow the Hedgehog was actually a decent game

I just got hit by nostalgia and remembered the game shadow the hedgehog.
Everyone seems to hate on this game. But I just don't see why. The Gameplay was fun, the story was fine. I mean it's a spinoff to sonic. So it's not like you could expect Steven Spielberg level writing. The game was also suprisingly bug free. Which says a lot if you consider that it's a sonic game.
I know the game was edgy as hell. But tbh the main characters whole deal is beeing edgy. Just look at him. His design screams ""Edgelord"". And I have to say, when i was a 10 year old boy, this edgy stuff was just amazing. Riding a way too big motorcycle while shooting alien weapons was just fun. And yes, the story was ridiculous. But then again, the target group was edgy kids. It's not like they'd care. I feel like every criticism at the time came from 30 year old dudes who never outgrew their sonic the hedgehog phase.
submitted by
/u/Small-Program-7461
[link]
[comments]",salt-post
"McDonald's coffee is better than Starbucks

If you want all kinds of syrups and milks and flavorings and fancy fluff then Starbucks is for you. But if you like the taste of coffee, McDonald's coffee tastes better, fresher and is less bitter. It can stand on its own without all the frills.
submitted by
/u/Possible_Mix3210
[link]
[comments]",restating-the-obvious
"Everyone should be an archivist

I wanna learn the science & art of archiving and preservation. I believe everyone should have their lifetime archive/museum that is scalable (can hold millions of data) accessible (conveniently queried) & well-preserved for DECADES or centuries to come. The descendants of the descendants of my descendants should have access to my archive/museum items intact. It’s some thousands of dollars lifetime investment (museum-grade storage materials, high-quality camera, printer and scanner machine, etc.) along with maintenance costs over the years
submitted by
/u/Fleeting_Thoughts1
[link]
[comments]",alternative-perspective
"[ Removed by Reddit ]

[ Removed by Reddit on account of violating the
content policy
. ]
submitted by
/u/timmynuetron
[link]
[comments]",restating-the-obvious
"People who fantasize about living through an apocalypse or growing up in primitive times have no idea how ass living in times like that would actually be.

Imagine living in a time where you can't shower. you have a cheaply made home, that could collapse pretty easily. Your only source of heat is starting a fire with primitive technology. I could live with having to start a fire to keep myself warm, but with a bow drill, yikes.
submitted by
/u/Vivid-Rhubarb-6058
[link]
[comments]",restating-the-obvious
"You can always tell when the guitarist writes a song

So I’m not a guitarist myself, but I’m regularly around musicians (both professional and amateur) as someone who’s involved in venue work and have picked up on quite a few valuable insights. One of them being; you can always tell when a guitarist (or pianist) is the one to write the song. I say this as a good thing. I think bands should let guitarists have more room to shine; longer solos, louder bass, etc… and this is not to disrespect the vocalist but if things were less focused solely on vocals it would greatly improve any musicians sound.
The first thing I’ve noticed- and this is where my ignorance might show as a mere singer 😅, is that the instrumental is usually much more layered but in a harmonious way that changes the mood of the whole song. I’m guessing this is because they’re more familiar with theory and scales, minor and major chords, stuff like that… chords, scales, and harmonies are something I know a lot about but otherwise I’m a total newbie.
Another thing is that there’s a better general chemistry. Especially between lead and bass, which is really nice to see and hear. Idk 🤷🏻‍♀️ just my thoughts…
submitted by
/u/batsdontwearhats
[link]
[comments]",restating-the-obvious
"Golf and tennis should not be 'silent' sports.

In just about every major sporting events you always have people cheering loudly in the stands. Even in youth sports you always have people cheering and being loud and all the players are able to conform to it. Golf and tennis are not allowed any cheering other than after a shot is made or someone gets a point. That's stupid. People should absolutely be cheering for their player in these events. Watching people barely clap or go ooooh-aahhhh every few minutes kills the sports mood and doesn't make it enjoyable to watch
submitted by
/u/TheFinalRedemption99
[link]
[comments]",restating-the-obvious
"FIFA should host a US States Cup similar to the World Cup!!

USSF, not FIFA, should host a 48 State (Exclude Alaska and Hawaii) US States Cup to determine the best football (soccer) state in the US similar to the World Cup.
Players must be born in the state they’re playing for. State bragging rights.
Teams, month long tournament. Enough time to showcase talent. Help out US in finding new talent.
Should take place when MLS changes schedule and no international tournament is taking place. No Gold Cup, Copa America or other competition where the USMNT plays.
US players from around the globe, MLS, USL and College level players should be eligible to play.
Imagine Texas vs California or New York vs Illinois as the final.
submitted by
/u/Artistic-Lead-6328
[link]
[comments]",restating-the-obvious
"All fast food restaurants are better than they were 20 years ago

Taco Bell, Burger King, McDonald’s, Wendy’s doesn’t matter. Sure they were cheaper but it was a really poor quality product. Soft taco with like a teaspoon of meat for 79 cents. Burgers that were flat and crappy with bread that tasted like cardboard for $1.
Now when I go to pretty much any fast food restaurant it’s usually pretty good 7/10 or better (obviously some locations are better). I’d rather pay more money than have some of the crap that they used to sell. I was just poor and had to eat it.
submitted by
/u/echofreak
[link]
[comments]",restating-the-obvious
"It's okay to say something is gross

It's okay to say that something is gross. What's not okay is shaming someone for something gross that they can't control. I have a period, it's gross, it's uncomfortable, and I'm not gonna shame anyone for having one but it's messy and smelly be for real. Its okay to think its gross but I see so many people being offended that people don't want to hear about their blood clots and mucous while eating dinner. This applies to so many things
submitted by
/u/your-kitten-crush
[link]
[comments]",restating-the-obvious
"The word ""dystopia"" is so overused that it detracts from the validity of otherwise valid points.

Every day on social media I see one or more posts claiming ""we're living in a dystopia"" because of some issue or another. And most of those issues are important and valid. But all of this overuse of the word ""dystopia"" has watered down the emotional impact of the word so much that it now comes across as a ridiculous overreaction instead of a valid point. A dystopia is literally a society in which living conditions are
nightmarish
for the general population. That's Germany for the Jewish people in WWII. That's Pol Pot's Cambodia. It's not ""houses are too expensive"" or ""the average American family can't afford a trip to Disney World.""
I get it. People use hyperbole to emphasize how important they believe a point is. But when you claim ""I'm literally on fire"" and there's no smoke, you haven't strengthened your point, you've weakened it.
submitted by
/u/Darnitol1
[link]
[comments]",restating-the-obvious
"The vast majority of “Tourist Traps” aren’t…Tourist Traps

I would say probably at least 75%+ of everything generally accepted as a tourist trap are not. First, there’s no widely accepted definition of what a tourist trap is so people mostly throw that label around with conflicting or loose standards that includes things that clearly aren’t tourist traps. Does it just need to be a place where tourists like to go? Or where the economy is a majority driven by tourism? Is it a single attraction or a group of them? Does it need to charge people money/a fee/a ticket? If something just isn’t worth it to you personally do you then label it a trap despite you having made the decision and/or everyone having their own personal preferences? Can you enjoy something ironically knowing very well it’s a hokey place to be?
Next point - I think people label something as a trap because of mismatched expectations. Either because of their own biases, lack of research and preparation, or just unrealistic expectations, I’d say that’s more of a you problem. Like Plymouth Rock (which I’ve never been to and don’t know anything about). With that said, I’d probably do a bit of research to learn about whether it’s worth it but even if I didn’t, I generally know that rocks in most shapes and sizes are not very interesting or stimulating to me (I say this as someone who loves exploring the DC boundary stones). Seems like you the tourist needs to reset your expectations, not the piece of granite.
Thirdly, I think people label something as a tourist trap relative to the amount of time, energy, and money they have to put into something and whether they feel like they got a good deal. However, I’m seeing a lot of things labeled as tourist traps that don’t require much of any of that. Like if you’re in midtown Manhattan, walking a few blocks over to see Times Square is pretty low hassle right? No one is charging you to be there, you can walk away pretty easily (sans adult Elmo trying to get a picture and a $20 from you - which is also hilarious), sometimes you are even in the area for completely different reasons like seeing a show or traveling through to another destination. Same thing with the Hollywood Walk of Fame. Yes, if you’re only going to Hollywood to see them then I understand how one could be frustrated but if you’re already there for other things, the big commitment and trap is…looking on the ground?
Fourthly, a lot of people labeling things as traps are people that live in the area/city/region and are inherently biased. You’d think they would be an authority on what’s the best features of their community to highlight but tourists know they don’t live in the places they are visiting, most times they’re not trying to play pretend like a local. Furthermore, as a local, I know I can take advantage of these “traps” anytime I want if I wanted to but for a family traveling across the country and visiting a place for the first and likely only time, I say go for it and check boxes off. Not every tourist needs to get dragged through the inside treasures like the best sandwich shop on the other side of town. As a resident of city with a lot of tourism, I couldn’t imagine telling a family traveling across the country that something isn’t worth it because frankly if I ever changed my mind, I could just go and enjoy it.
Anyways, long rant over. I have no doubt that there are things that are genuinely and universally recognized as tourist traps but that label gets thrown around way too much and we need to be more discerning when labeling stuff like that.
submitted by
/u/Same-Duck1407
[link]
[comments]",salt-post
"Fighting the extinction of an animal is fighting nature, not helping it

We want to protect animals that will go extinct as a result of our actions out of strict guilt, and we personify nature as a helpless child that needs our help specifically because nature has ordained us as the ""destroyers"", and we are unwilling to accept that.
Nature revolves around killing, and the environment doesn't care AT ALL if one or ALL species get eradicated. Nature will make new stuff to replace it. Nature is not emotional. We are.
We care from a humanistic standpoint. We look at ourselves as ""Godlike"" beings that are tasked with protecting nature, which is a WILDLY unscientific worldview.
To truly believe that it is our job to protect nature is insanely egotistical. I think it goes back to Abrahamic religions and the idea that we are masters of this world (which is absurd)
Nature doesn't make mistakes. If nature wants a bipedal ape to exterminate thousands of individual species then that is nature's will, not ours.
We overestimate how much agency we have.
submitted by
/u/No-Writing5017
[link]
[comments]",restating-the-obvious
"Going to the movies is not expensive

My wife and I have been going to the movies quite a bit this year, and often times when I mention it to friends/coworkers I’m met with a response along the lines of “I used to love going to the movies but it’s just gotten so expensive :/“.
Bullshit. Obviously
everything
has gotten expensive, but relatively speaking, going to the movies is still one of the most affordable activities you can do. What else can you go do for 2 hours for $15 other than like, going for a walk or something?
And then there’s the unlimited passes. We recently pulled the trigger on a couple 3 month regal unlimited passes for $60/each. For $120 I just prepaid 3 months worth of unlimited date nights. The cost of maybe 2 nights out at a decent restaurant. That’s an insane value proposition to me.
ALSO, the theater going experience is arguably better than ever. Every theater near me has upgraded the seating to larger recliner seats. And it seems as though they don’t even care if you bring your own food anymore. I routinely see people bringing in full meals from chipotle bowls to KFC buckets, you name it.
It’s only expensive if you irresponsibly load up on concessions at the theater.
submitted by
/u/WinterAd7751
[link]
[comments]",restating-the-obvious
"Concert tickets being expensive is ok.

I'll preface this by saying that I do believe that hidden/outrageous fees are not great, and there should be some regulation of the scalper markets. However, the reason tickets cost a lot is mostly because a lot of people want to see that artist and are willing to pay a good amount to do so. I frequently see posts lamenting the fact that concert tickets have become very expensive. In some cases, there are instances where tickets are thousands of dollars each. Complaining about the cost of these tickets is a bit silly. The tickets should be expensive if the demand outpaces supply.
Musicians only have so much capacity to perform live shows. There is a cap on the number of people who are able to see a tour live. If you miss a tour, you may never get the same opportunity again. Sometimes musicians die young. Bands break up. People lose their voice or talent because of health issues. There are many bands and singers that I would pay a ton to see live, but its impossible. Its not like seeing a movie or even a broadway musical. The show truly hinges on the presence of a few select people who wont be around forever. So if you think that you would regret never seeing that band/singer perform live later in life, you should put a premium on doing so when you have the chance.
I also think that artists should make whatever money they are able to while they can. People do not buy music the way they used to. For many artists, the primary income comes from live performances. So if they are able to charge more for tickets and still sell out, they should do it. Again, they don't know when the gravy train will come to a stop, so they should take advantage while it lasts.
submitted by
/u/mr_miggs
[link]
[comments]",restating-the-obvious
"Steve Irwin's treatment of animals in The Crocodile Hunter is not okay by modern standards

I never watched The Crocodile Hunter as a kid, but I often hear Steve Irwin and his show mentioned as a huge inspiration to people who grew up in that era like me. I just knew him by his reputation for wrestling crocodiles and interacting with other dangerous wild animals.
So I watched a random episode that I found on youtube:
here
Multiple times he grabs animals which are minding their own business for no reason other than to show them to the TV cameras while they struggle to escape. His show is supposed to be for educational purposes but he could just as easily have done it without harassing wild animals.
I'm not trying to argue that he's a bad person or anything like that. People say he's done a lot of charity work and wild animal conservation. That's all fine, my point is just that his TV show has not aged well.
Compare it to Planet Earth which came out in 2006 (the same year Irwin died). I thought it was the greatest nature documentary ever when it came out and it was done just by filming wild animals with as little interference as possible.
On the other hand you have
Ocean Ramsey
who generated a lot of controversy by lightly touching sharks. Steve Irwin did way worse than this multiple times per episode.
submitted by
/u/usernamelimitsaredum
[link]
[comments]",restating-the-obvious
"Saying that a story has a twist is not a spoiler

Outside of maybe a few shows for toddlers,
every
story has some kind of twist (I challenge you to name a story without any kind of twist, and I guarantee you'll fail). It doesn't matter if the twist is big or small, early or late, it's still a twist. The
actual contents
of the twist are the spoiler, not the existence of it.
submitted by
/u/ducknerd2002
[link]
[comments]",restating-the-obvious
"Summer is the worst season

For many reasons. Here are the top two:
Just like winter blues, summer can cause a lot of feelings of loneliness, comparison, feeling inadequate in different areas etc.
The weather is actually unbearable until sunset when it starts to cool down. Everything just feels sticky and annoying.
submitted by
/u/No_Potato_7298
[link]
[comments]",salt-post
"'The Batman' clears the entire Christopher Nolan trilogy

Rewatched it recently and I think its just a better film, better characterisation of batman, and better story. I might be biased towards a more detective-like approach to batman, but this film made him feel so much more human, and morally ambiguous. Along with all round fantastic cinematography, better costume design and plot, I believe its easy to consider this film better than all 3 Nolan films.
submitted by
/u/ChocolateIst
[link]
[comments]",restating-the-obvious
"Being dependent on cellphones isnt as big an issue as many think

There's a common view that it is bad for people to be heavily dependent on their modern cellphones. Its too distracting, too much available to access at the palm of your hand, whole rooms full of people looking down at their phones instead of looking around and interacting with their fellow human. They fail to realize it has always and will always be like this.
Whats happening with mobile phones is simply what happenes throughout all of modern history.
Man bored? Do something to unbored self.
its no different than what people in the 1980s would see in magazines, newsletters, and tv. Choosing whether to daydream or scroll tiktok gets the same job done which is to waste time. People used to believe reading books was a waste of time, harmful even, but now its regarded is an intellectual hobby.
Toxic Dependency:
Being unable to function without a phone is highly dependent on what theyre using it for.
Many people keep their ID, credit/debit, map information, among other day to day utilities on their phone. At the end of the day the cellphone is a man made tool used to improve SOME things in everyday life.
Would you say people in the 1970s had a wallet or purse dependency issue since they needed those to keep track of their Id, money, or other importsnt documents sensibly? Those objects had a simple purpose and did them well, now we have phones that can do most of those tasks with less bulk.
submitted by
/u/BazilBee
[link]
[comments]",restating-the-obvious